<?xml version="1.0" encoding="UTF-8"?>
<!DOCTYPE mapper PUBLIC "-//mybatis.org//DTD Mapper 3.0//EN" "http://mybatis.org/dtd/mybatis-3-mapper.dtd">
<mapper namespace="com.pigs.springbootpigscrm.mapper.RoleMapper">

    <!-- 通用查询映射结果 -->
    <resultMap id="BaseResultMap" type="com.pigs.springbootpigscrm.entity.Role">
        <result column="id" property="id"/>
        <result column="role" property="role"/>
        <result column="description" property="description"/>

    </resultMap>

    <!-- 通用查询结果列 -->
    <sql id="Base_Column_List">
        id,
        role, description
    </sql>

    <!--   查询角色 信息 -->
    <select id="queryRoleList" resultType="com.pigs.springbootpigscrm.entity.Role"
            parameterType="java.util.Map">

        select id,role,description,create_time,update_time,state from role
        <where>

            <if test="map.role!=null">
                and role like
                concat('%',#{map.role},'%')
            </if>

            <if test="map.startTime!=null&amp;&amp;startTime!=&quot;&quot;&amp;&amp;endTime!=null&amp;&amp;endTime!=&quot;&quot;">
                create_time between #{map.startTime} and #{map.endTime}
            </if>

        </where>

    </select>

</mapper>
